default,flavor, 2, 456639
default:gcc/4.4.0,flavor, 2, 1346
default:gcc/4.4.0:mvapich2/1.8,flavor, 2, 23
default:gcc/4.4.0:mvapich2/1.8.1,flavor, 2, 14
default:gcc/4.4.1,flavor, 2, 1346
default:gcc/4.4.1:mvapich2/1.8,flavor, 2, 23
default:gcc/4.4.1:mvapich2/1.8.1,flavor, 2, 14
default:gcc/4.4.3,flavor, 2, 1346
default:gcc/4.4.3:mvapich2/1.8,flavor, 2, 23
default:gcc/4.4.3:mvapich2/1.8.1,flavor, 2, 14
default:gcc/4.4.5,flavor, 2, 1346
default:gcc/4.4.5:mvapich2/1.8,flavor, 2, 23
default:gcc/4.4.5:mvapich2/1.8.1,flavor, 2, 14
default:intel/10.1,flavor, 2, 356032
default:intel/10.1:mvapich-old/1.0.1,flavor, 2, 20
default:intel/10.1:mvapich/1.0.1,flavor, 2, 20
default:intel/12.1,flavor, 2, 2903
default:intel/12.1:mvapich2/1.8,flavor, 2, 4353
default:intel/12.1:mvapich2/1.8_dbg,flavor, 2, 4353
default:pgi/7.1,flavor, 2, 1
default:pgi/7.2-5,flavor, 2, 87554
default:pgi/7.2-5:mvapich-old/1.0.1,flavor, 2, 570
default:pgi/7.2-5:mvapich/1.0.1,flavor, 2, 570
default:pgi/7.2-5:mvapich2-debug/1.2,flavor, 2, 996
default:pgi/7.2-5:mvapich2-new/1.2,flavor, 2, 996
default:pgi/7.2-5:mvapich2/1.2,flavor, 2, 996
default:vis/1.0,flavor, 2, 2904
libC.so,libA, 2, 3400
libGL.so.1,libA, 2, 203
libGLEW.so,libA, 2, 311
libGLU.so.1,libA, 2, 11
libMesaGL.so.1,libA, 2, 311
libOSMesa.so.6,libA, 2, 11
libOSMesa.so.7,libA, 2, 311
libacml.so,libA, 2, 5095
libacml_mp.so,libA, 2, 3299
libacml_mv.so,libA, 2, 8758
libarpack.so.2,libA, 2, 10
libavtdatabase_par.so,libA, 2, 311
libavtdbatts.so,libA, 2, 311
libavtdbin_par.so,libA, 2, 311
libavtexpressions_par.so,libA, 2, 311
libavtfilters_par.so,libA, 2, 311
libavtivp.so,libA, 2, 311
libavtmath.so,libA, 2, 311
libavtmir_par.so,libA, 2, 311
libavtpipeline_par.so,libA, 2, 311
libavtplotter_par.so,libA, 2, 311
libavtpythonfilters_par.so,libA, 2, 311
libavtquery_par.so,libA, 2, 311
libavtshapelets.so,libA, 2, 311
libavtview.so,libA, 2, 311
libavtviswindow_par.so,libA, 2, 311
libavtwriter_par.so,libA, 2, 311
libaztecoo.so,libA, 2, 7
libboost_filesystem-il-mt-1_37.so.1.37.0,libA, 2, 4
libboost_filesystem.so.1.41.0,libA, 2, 7
libboost_filesystem.so.1.46.1,libA, 2, 986
libboost_filesystem.so.1.48.0,libA, 2, 325
libboost_filesystem.so.1.49.0,libA, 2, 3
libboost_iostreams-gcc44-mt-1_39.so.1.39.0,libA, 2, 34
libboost_iostreams-il-mt-1_37.so.1.37.0,libA, 2, 4
libboost_iostreams.so.1.48.0,libA, 2, 325
libboost_program_options.so.1.41.0,libA, 2, 4
libboost_program_options.so.1.48.0,libA, 2, 325
libboost_program_options.so.1.49.0,libA, 2, 3
libboost_python.so.1.46.1,libA, 2, 986
libboost_regex.so.1.41.0,libA, 2, 7
libboost_regex.so.1.48.0,libA, 2, 1
libboost_regex.so.1.49.0,libA, 2, 3
libboost_serialization-il-mt-1_37.so.1.37.0,libA, 2, 4
libboost_system-il-mt-1_37.so.1.37.0,libA, 2, 4
libboost_system.so.1.41.0,libA, 2, 7
libboost_system.so.1.46.1,libA, 2, 986
libboost_system.so.1.48.0,libA, 2, 325
libboost_system.so.1.49.0,libA, 2, 3
libboost_thread.so.1.49.0,libA, 2, 3
libcognomen.so,libA, 2, 311
libengine_par.so,libA, 2, 311
libenginerpc.so,libA, 2, 311
libepetra.so,libA, 2, 7
libfftw3.so.3,libA, 2, 82686
libfftw3_mpi.so.3,libA, 2, 813
libfftw3_threads.so.3,libA, 2, 128
libfftw3f.so.3,libA, 2, 270466
libfmpich.so.1.0,libA, 2, 10
libgcc_s.so.1,libA, 2, 55422
libgfortran.so.3,libA, 2, 2158
libgmp.so.10,libA, 2, 114
libgmp.so.3,libA, 2, 158
libgomp.so.1,libA, 2, 635
libgoto_lp64.so,libA, 2, 18
libgsl.so.0,libA, 2, 48892
libgslcblas.so.0,libA, 2, 7660
libguide.so,libA, 2, 17170
libhdf5.so.0,libA, 2, 35546
libhdf5.so.7,libA, 2, 3707
libhdf5_fortran.so.7,libA, 2, 1720
libhdf5_hl.so.0,libA, 2, 1
libhdf5_hl.so.7,libA, 2, 551
libhdf5hl_fortran.so.7,libA, 2, 274
libicudata.so.48,libA, 2, 1
libicudata.so.49,libA, 2, 3
libicui18n.so.48,libA, 2, 1
libicui18n.so.49,libA, 2, 3
libicuuc.so.48,libA, 2, 1
libicuuc.so.49,libA, 2, 3
libiomp5.so,libA, 2, 6330
liblightweight_visit_vtk.so,libA, 2, 311
libmkl_core.so,libA, 2, 21081
libmkl_def.so,libA, 2, 820
libmkl_gf_lp64.so,libA, 2, 59
libmkl_gnu_thread.so,libA, 2, 26
libmkl_intel_ilp64.so,libA, 2, 9
libmkl_intel_lp64.so,libA, 2, 21058
libmkl_intel_thread.so,libA, 2, 12377
libmkl_lapack.so,libA, 2, 7232
libmkl_rt.so,libA, 2, 3296
libmkl_scalapack_lp64.so,libA, 2, 822
libmkl_sequential.so,libA, 2, 8695
libmpich.so.1.0,libA, 2, 37941
libmpich.so.1.1,libA, 2, 14721
libmpich.so.1.2,libA, 2, 5
libmpichf90.so.1.2,libA, 2, 4
libnetcdf.so.7,libA, 2, 1034
libnetcdff.so.5,libA, 2, 1034
libpapi.so,libA, 2, 1
libpapi.so.3,libA, 2, 880
libparpack.so.2,libA, 2, 10
libperfctr.so.6,libA, 2, 881
libpetsc.so,libA, 2, 27
libpfm.so.3,libA, 2, 881
libpgbind.so,libA, 2, 73168
libpgc.so,libA, 2, 305664
libpgf90.so,libA, 2, 15597
libpgf902.so,libA, 2, 15400
libpgf90_rpm1.so,libA, 2, 15597
libpgf90rtl.so,libA, 2, 15596
libpgftnrtl.so,libA, 2, 113605
libpghpf2.so,libA, 2, 197
libpgmp.so,libA, 2, 73380
libpmpich++.so.1.0,libA, 2, 383
libpmpich.so.1.0,libA, 2, 394
libpython2.6.so.1.0,libA, 2, 311
libpython2.7.so.1.0,libA, 2, 8890
libsiloh5.so,libA, 2, 114
libssp.so.0,libA, 2, 5
libstd.so,libA, 2, 3203
libstdc++.so.6,libA, 2, 16827
libstdmp.so,libA, 2, 197
libsz.so.2,libA, 2, 3707
libteuchos.so,libA, 2, 7
libtriutils.so,libA, 2, 7
libvisit_verdict.so,libA, 2, 311
libvisit_vtk.so,libA, 2, 311
libvisitcommon.so,libA, 2, 311
libvtkCommon.so.5.0,libA, 2, 311
libvtkDICOMParser.so.5.0,libA, 2, 311
libvtkFiltering.so.5.0,libA, 2, 311
libvtkGraphics.so.5.0,libA, 2, 311
libvtkHybrid.so.5.0,libA, 2, 311
libvtkIO.so.5.0,libA, 2, 311
libvtkImaging.so.5.0,libA, 2, 311
libvtkMPEG2Encode.so.5.0,libA, 2, 311
libvtkRendering.so.5.0,libA, 2, 311
libvtkexpat.so.5.0,libA, 2, 311
libvtkfreetype.so.5.0,libA, 2, 311
libvtkftgl.so.5.0,libA, 2, 311
libvtkjpeg.so.5.0,libA, 2, 311
libvtkpng.so.5.0,libA, 2, 311
libvtksys.so.5.0,libA, 2, 311
libvtktiff.so.5.0,libA, 2, 311
libvtkzlib.so.5.0,libA, 2, 311
